{
  "version": "1.1.0",
  "diagrams": [
    {
      "ordinal": 0,
      "scrollPosition": {
        "x": 0,
        "y": 22.189783092944708
      },
      "nodes": [
        {
          "location": {
            "x": 23.036163149732459,
            "y": 0
          },
          "nodeIndex": "Customer_details",
          "nodeLineageTag": "c0eb0bc5-0241-4565-8e35-bffa98463bed",
          "size": {
            "height": 128,
            "width": 234
          },
          "zIndex": 1
        },
        {
          "location": {
            "x": 693.74581186960427,
            "y": 0
          },
          "nodeIndex": "Location_details",
          "nodeLineageTag": "c2604c14-986e-4b60-bb91-34fea4a6bc71",
          "size": {
            "height": 200,
            "width": 234
          },
          "zIndex": 2
        },
        {
          "location": {
            "x": 0,
            "y": 227.60195111502284
          },
          "nodeIndex": "Orders",
          "nodeLineageTag": "7e94d2c9-ee6b-4186-858f-702af99f6056",
          "size": {
            "height": 300,
            "width": 234
          },
          "zIndex": 3
        },
        {
          "location": {
            "x": 345.31758828148571,
            "y": -10
          },
          "nodeIndex": "Product_details",
          "nodeLineageTag": "41714380-d595-4215-9497-f7006847a323",
          "size": {
            "height": 176,
            "width": 234
          },
          "zIndex": 4
        },
        {
          "location": {
            "x": 885.15476786430656,
            "y": 448.33333333333337
          },
          "nodeIndex": "Regin_details",
          "nodeLineageTag": "9f7e4990-3a80-4099-bb4b-e8187c67acd3",
          "size": {
            "height": 128,
            "width": 234
          },
          "zIndex": 8
        },
        {
          "location": {
            "x": 581.07914520293764,
            "y": 448.57108202266284
          },
          "nodeIndex": "Returns",
          "nodeLineageTag": "1774a920-ccf3-42ac-a1c2-1bb5d5201637",
          "size": {
            "height": 104,
            "width": 234
          },
          "zIndex": 5
        },
        {
          "location": {
            "x": 278.14946144201497,
            "y": 451.47549737865904
          },
          "nodeIndex": "segment_details",
          "nodeLineageTag": "6d1f9a21-06e0-413a-92eb-c0847856d4ce",
          "size": {
            "height": 145,
            "width": 234
          },
          "zIndex": 6
        },
        {
          "location": {
            "x": 1020.0000000000002,
            "y": 0
          },
          "nodeIndex": "Shipping_details",
          "nodeLineageTag": "864cec8c-f6fa-4218-953c-b30e2f385bf0",
          "size": {
            "height": 128,
            "width": 234
          },
          "zIndex": 7
        },
        {
          "location": {
            "x": 1304.0000000000002,
            "y": 203.23774868932952
          },
          "nodeIndex": "Measure",
          "size": {
            "height": 200,
            "width": 234
          },
          "zIndex": 0
        }
      ],
      "name": "All tables",
      "zoomValue": 70,
      "pinKeyFieldsToTop": false,
      "showExtraHeaderInfo": false,
      "hideKeyFieldsWhenCollapsed": false,
      "tablesLocked": false
    }
  ],
  "selectedDiagram": "All tables",
  "defaultDiagram": "All tables"
}